id,maquinaria_id,fecha,tipo_checklist,codigo_checklist,realizado_por,revisado_por,observaciones,data,created_at,updated_at
1,1,Fri Apr 18 2025 00:00:00 GMT-0400 (Bolivia Time),DIARIO,CHK-EQ-001-1,Carlos Rivera Cruz,Supervisor General,Equipo en condiciones operativas.,[object Object],Fri Apr 18 2025 08:00:00 GMT-0400 (Bolivia Time),Fri Apr 18 2025 08:30:00 GMT-0400 (Bolivia Time)
2,1,Tue Dec 24 2024 00:00:00 GMT-0400 (Bolivia Time),DIARIO,CHK-EQ-001-2,Hugo Ortiz González,Supervisor General,Equipo en condiciones operativas.,[object Object],Tue Dec 24 2024 08:00:00 GMT-0400 (Bolivia Time),Tue Dec 24 2024 08:30:00 GMT-0400 (Bolivia Time)
3,1,Wed Aug 20 2025 00:00:00 GMT-0400 (Bolivia Time),DIARIO,CHK-EQ-001-3,Sandra Ortiz Ruiz,Supervisor General,Equipo en condiciones operativas.,[object Object],Wed Aug 20 2025 08:00:00 GMT-0400 (Bolivia Time),Wed Aug 20 2025 08:30:00 GMT-0400 (Bolivia Time)
4,1,Fri Oct 24 2025 00:00:00 GMT-0400 (Bolivia Time),DIARIO,CHK-EQ-001-4,José Gómez Castillo,Supervisor General,Equipo en condiciones operativas.,[object Object],Fri Oct 24 2025 08:00:00 GMT-0400 (Bolivia Time),Fri Oct 24 2025 08:30:00 GMT-0400 (Bolivia Time)
5,1,Thu May 08 2025 00:00:00 GMT-0400 (Bolivia Time),DIARIO,CHK-EQ-001-5,Patricia Silva Reyes,Supervisor General,Equipo en condiciones operativas.,[object Object],Thu May 08 2025 08:00:00 GMT-0400 (Bolivia Time),Thu May 08 2025 08:30:00 GMT-0400 (Bolivia Time)
6,2,Wed Jun 25 2025 00:00:00 GMT-0400 (Bolivia Time),DIARIO,CHK-EQ-002-6,Rosa Fernández Ramírez,Supervisor General,Equipo en condiciones operativas.,[object Object],Wed Jun 25 2025 08:00:00 GMT-0400 (Bolivia Time),Wed Jun 25 2025 08:30:00 GMT-0400 (Bolivia Time)
7,2,Sat Nov 29 2025 00:00:00 GMT-0400 (Bolivia Time),DIARIO,CHK-EQ-002-7,Patricia Silva Reyes,Supervisor General,Equipo en condiciones operativas.,[object Object],Sat Nov 29 2025 08:00:00 GMT-0400 (Bolivia Time),Sat Nov 29 2025 08:30:00 GMT-0400 (Bolivia Time)
8,2,Thu May 29 2025 00:00:00 GMT-0400 (Bolivia Time),DIARIO,CHK-EQ-002-8,Hugo Fernández Romero,Supervisor General,Equipo en condiciones operativas.,[object Object],Thu May 29 2025 08:00:00 GMT-0400 (Bolivia Time),Thu May 29 2025 08:30:00 GMT-0400 (Bolivia Time)
9,2,Tue Jul 08 2025 00:00:00 GMT-0400 (Bolivia Time),DIARIO,CHK-EQ-002-9,Sandra Ortiz Ruiz,Supervisor General,Equipo en condiciones operativas.,[object Object],Tue Jul 08 2025 08:00:00 GMT-0400 (Bolivia Time),Tue Jul 08 2025 08:30:00 GMT-0400 (Bolivia Time)
10,2,Thu Feb 27 2025 00:00:00 GMT-0400 (Bolivia Time),DIARIO,CHK-EQ-002-10,Sandra Ortiz Ruiz,Supervisor General,Equipo en condiciones operativas.,[object Object],Thu Feb 27 2025 08:00:00 GMT-0400 (Bolivia Time),Thu Feb 27 2025 08:30:00 GMT-0400 (Bolivia Time)
11,3,Mon Sep 29 2025 00:00:00 GMT-0400 (Bolivia Time),DIARIO,CHK-EQ-003-11,José González Rojas,Supervisor General,Equipo en condiciones operativas.,[object Object],Mon Sep 29 2025 08:00:00 GMT-0400 (Bolivia Time),Mon Sep 29 2025 08:30:00 GMT-0400 (Bolivia Time)
12,3,Sat Apr 05 2025 00:00:00 GMT-0400 (Bolivia Time),DIARIO,CHK-EQ-003-12,Fernando Díaz Pérez,Supervisor General,Equipo en condiciones operativas.,[object Object],Sat Apr 05 2025 08:00:00 GMT-0400 (Bolivia Time),Sat Apr 05 2025 08:30:00 GMT-0400 (Bolivia Time)
13,3,Mon Dec 16 2024 00:00:00 GMT-0400 (Bolivia Time),DIARIO,CHK-EQ-003-13,Sandra Ortiz Ruiz,Supervisor General,Equipo en condiciones operativas.,[object Object],Mon Dec 16 2024 08:00:00 GMT-0400 (Bolivia Time),Mon Dec 16 2024 08:30:00 GMT-0400 (Bolivia Time)
14,3,Tue Jun 10 2025 00:00:00 GMT-0400 (Bolivia Time),DIARIO,CHK-EQ-003-14,Carlos Rivera Cruz,Supervisor General,Equipo en condiciones operativas.,[object Object],Tue Jun 10 2025 08:00:00 GMT-0400 (Bolivia Time),Tue Jun 10 2025 08:30:00 GMT-0400 (Bolivia Time)
15,3,Fri Nov 07 2025 00:00:00 GMT-0400 (Bolivia Time),DIARIO,CHK-EQ-003-15,Diego Ramírez Rodríguez,Supervisor General,Equipo en condiciones operativas.,[object Object],Fri Nov 07 2025 08:00:00 GMT-0400 (Bolivia Time),Fri Nov 07 2025 08:30:00 GMT-0400 (Bolivia Time)
16,4,Mon Apr 07 2025 00:00:00 GMT-0400 (Bolivia Time),DIARIO,CHK-EQ-004-16,Hugo Ortiz González,Supervisor General,Equipo en condiciones operativas.,[object Object],Mon Apr 07 2025 08:00:00 GMT-0400 (Bolivia Time),Mon Apr 07 2025 08:30:00 GMT-0400 (Bolivia Time)
17,4,Sat Dec 14 2024 00:00:00 GMT-0400 (Bolivia Time),DIARIO,CHK-EQ-004-17,Carlos Rivera Cruz,Supervisor General,Equipo en condiciones operativas.,[object Object],Sat Dec 14 2024 08:00:00 GMT-0400 (Bolivia Time),Sat Dec 14 2024 08:30:00 GMT-0400 (Bolivia Time)
18,4,Mon Jul 07 2025 00:00:00 GMT-0400 (Bolivia Time),DIARIO,CHK-EQ-004-18,Rosa Fernández Ramírez,Supervisor General,Equipo en condiciones operativas.,[object Object],Mon Jul 07 2025 08:00:00 GMT-0400 (Bolivia Time),Mon Jul 07 2025 08:30:00 GMT-0400 (Bolivia Time)
19,4,Mon Aug 18 2025 00:00:00 GMT-0400 (Bolivia Time),DIARIO,CHK-EQ-004-19,Rosa Fernández Ramírez,Supervisor General,Equipo en condiciones operativas.,[object Object],Mon Aug 18 2025 08:00:00 GMT-0400 (Bolivia Time),Mon Aug 18 2025 08:30:00 GMT-0400 (Bolivia Time)
20,4,Sat Jan 18 2025 00:00:00 GMT-0400 (Bolivia Time),DIARIO,CHK-EQ-004-20,Patricia Silva Reyes,Supervisor General,Equipo en condiciones operativas.,[object Object],Sat Jan 18 2025 08:00:00 GMT-0400 (Bolivia Time),Sat Jan 18 2025 08:30:00 GMT-0400 (Bolivia Time)
21,5,Mon Jul 14 2025 00:00:00 GMT-0400 (Bolivia Time),DIARIO,CHK-EQ-005-21,Administrador del Sistema,Supervisor General,Equipo en condiciones operativas.,[object Object],Mon Jul 14 2025 08:00:00 GMT-0400 (Bolivia Time),Mon Jul 14 2025 08:30:00 GMT-0400 (Bolivia Time)
22,5,Tue Feb 25 2025 00:00:00 GMT-0400 (Bolivia Time),DIARIO,CHK-EQ-005-22,José Gómez Castillo,Supervisor General,Equipo en condiciones operativas.,[object Object],Tue Feb 25 2025 08:00:00 GMT-0400 (Bolivia Time),Tue Feb 25 2025 08:30:00 GMT-0400 (Bolivia Time)
23,5,Sun Mar 30 2025 00:00:00 GMT-0400 (Bolivia Time),DIARIO,CHK-EQ-005-23,Sandra Ortiz Ruiz,Supervisor General,Equipo en condiciones operativas.,[object Object],Sun Mar 30 2025 08:00:00 GMT-0400 (Bolivia Time),Sun Mar 30 2025 08:30:00 GMT-0400 (Bolivia Time)
24,5,Wed Dec 03 2025 00:00:00 GMT-0400 (Bolivia Time),DIARIO,CHK-EQ-005-24,Diego Ramírez Rodríguez,Supervisor General,Equipo en condiciones operativas.,[object Object],Wed Dec 03 2025 08:00:00 GMT-0400 (Bolivia Time),Wed Dec 03 2025 08:30:00 GMT-0400 (Bolivia Time)
25,5,Tue Sep 02 2025 00:00:00 GMT-0400 (Bolivia Time),DIARIO,CHK-EQ-005-25,Javier González Silva,Supervisor General,Equipo en condiciones operativas.,[object Object],Tue Sep 02 2025 08:00:00 GMT-0400 (Bolivia Time),Tue Sep 02 2025 08:30:00 GMT-0400 (Bolivia Time)
26,6,Fri Feb 07 2025 00:00:00 GMT-0400 (Bolivia Time),DIARIO,CHK-EQ-006-26,Elena Romero Pérez,Supervisor General,Equipo en condiciones operativas.,[object Object],Fri Feb 07 2025 08:00:00 GMT-0400 (Bolivia Time),Fri Feb 07 2025 08:30:00 GMT-0400 (Bolivia Time)
27,6,Thu Dec 19 2024 00:00:00 GMT-0400 (Bolivia Time),DIARIO,CHK-EQ-006-27,Francisco López Ruiz,Supervisor General,Equipo en condiciones operativas.,[object Object],Thu Dec 19 2024 08:00:00 GMT-0400 (Bolivia Time),Thu Dec 19 2024 08:30:00 GMT-0400 (Bolivia Time)
28,6,Mon Apr 07 2025 00:00:00 GMT-0400 (Bolivia Time),DIARIO,CHK-EQ-006-28,Javier González Silva,Supervisor General,Equipo en condiciones operativas.,[object Object],Mon Apr 07 2025 08:00:00 GMT-0400 (Bolivia Time),Mon Apr 07 2025 08:30:00 GMT-0400 (Bolivia Time)
29,6,Sat May 31 2025 00:00:00 GMT-0400 (Bolivia Time),DIARIO,CHK-EQ-006-29,Hugo Ortiz González,Supervisor General,Equipo en condiciones operativas.,[object Object],Sat May 31 2025 08:00:00 GMT-0400 (Bolivia Time),Sat May 31 2025 08:30:00 GMT-0400 (Bolivia Time)
30,6,Fri Mar 07 2025 00:00:00 GMT-0400 (Bolivia Time),DIARIO,CHK-EQ-006-30,Rosa Fernández Ramírez,Supervisor General,Equipo en condiciones operativas.,[object Object],Fri Mar 07 2025 08:00:00 GMT-0400 (Bolivia Time),Fri Mar 07 2025 08:30:00 GMT-0400 (Bolivia Time)
31,7,Mon May 05 2025 00:00:00 GMT-0400 (Bolivia Time),DIARIO,CHK-EQ-007-31,Carlos Rivera Cruz,Supervisor General,Equipo en condiciones operativas.,[object Object],Mon May 05 2025 08:00:00 GMT-0400 (Bolivia Time),Mon May 05 2025 08:30:00 GMT-0400 (Bolivia Time)
32,7,Tue Mar 25 2025 00:00:00 GMT-0400 (Bolivia Time),DIARIO,CHK-EQ-007-32,José González Rojas,Supervisor General,Equipo en condiciones operativas.,[object Object],Tue Mar 25 2025 08:00:00 GMT-0400 (Bolivia Time),Tue Mar 25 2025 08:30:00 GMT-0400 (Bolivia Time)
33,7,Tue Nov 25 2025 00:00:00 GMT-0400 (Bolivia Time),DIARIO,CHK-EQ-007-33,Hugo Fernández Romero,Supervisor General,Equipo en condiciones operativas.,[object Object],Tue Nov 25 2025 08:00:00 GMT-0400 (Bolivia Time),Tue Nov 25 2025 08:30:00 GMT-0400 (Bolivia Time)
34,7,Thu Jan 30 2025 00:00:00 GMT-0400 (Bolivia Time),DIARIO,CHK-EQ-007-34,Sandra Ortiz Ruiz,Supervisor General,Equipo en condiciones operativas.,[object Object],Thu Jan 30 2025 08:00:00 GMT-0400 (Bolivia Time),Thu Jan 30 2025 08:30:00 GMT-0400 (Bolivia Time)
35,7,Fri Aug 08 2025 00:00:00 GMT-0400 (Bolivia Time),DIARIO,CHK-EQ-007-35,Administrador del Sistema,Supervisor General,Equipo en condiciones operativas.,[object Object],Fri Aug 08 2025 08:00:00 GMT-0400 (Bolivia Time),Fri Aug 08 2025 08:30:00 GMT-0400 (Bolivia Time)
36,8,Mon Aug 18 2025 00:00:00 GMT-0400 (Bolivia Time),DIARIO,CHK-EQ-008-36,José González Rojas,Supervisor General,Equipo en condiciones operativas.,[object Object],Mon Aug 18 2025 08:00:00 GMT-0400 (Bolivia Time),Mon Aug 18 2025 08:30:00 GMT-0400 (Bolivia Time)
37,8,Fri Feb 14 2025 00:00:00 GMT-0400 (Bolivia Time),DIARIO,CHK-EQ-008-37,José Gómez Castillo,Supervisor General,Equipo en condiciones operativas.,[object Object],Fri Feb 14 2025 08:00:00 GMT-0400 (Bolivia Time),Fri Feb 14 2025 08:30:00 GMT-0400 (Bolivia Time)
38,8,Mon Sep 22 2025 00:00:00 GMT-0400 (Bolivia Time),DIARIO,CHK-EQ-008-38,Administrador del Sistema,Supervisor General,Equipo en condiciones operativas.,[object Object],Mon Sep 22 2025 08:00:00 GMT-0400 (Bolivia Time),Mon Sep 22 2025 08:30:00 GMT-0400 (Bolivia Time)
39,8,Wed Jan 22 2025 00:00:00 GMT-0400 (Bolivia Time),DIARIO,CHK-EQ-008-39,Rosa Fernández Ramírez,Supervisor General,Equipo en condiciones operativas.,[object Object],Wed Jan 22 2025 08:00:00 GMT-0400 (Bolivia Time),Wed Jan 22 2025 08:30:00 GMT-0400 (Bolivia Time)
40,8,Fri Aug 29 2025 00:00:00 GMT-0400 (Bolivia Time),DIARIO,CHK-EQ-008-40,Hugo Ortiz González,Supervisor General,Equipo en condiciones operativas.,[object Object],Fri Aug 29 2025 08:00:00 GMT-0400 (Bolivia Time),Fri Aug 29 2025 08:30:00 GMT-0400 (Bolivia Time)
41,9,Fri Nov 28 2025 00:00:00 GMT-0400 (Bolivia Time),DIARIO,CHK-EQ-009-41,Fernando Díaz Pérez,Supervisor General,Equipo en condiciones operativas.,[object Object],Fri Nov 28 2025 08:00:00 GMT-0400 (Bolivia Time),Fri Nov 28 2025 08:30:00 GMT-0400 (Bolivia Time)
42,9,Fri May 30 2025 00:00:00 GMT-0400 (Bolivia Time),DIARIO,CHK-EQ-009-42,Hugo Fernández Romero,Supervisor General,Equipo en condiciones operativas.,[object Object],Fri May 30 2025 08:00:00 GMT-0400 (Bolivia Time),Fri May 30 2025 08:30:00 GMT-0400 (Bolivia Time)
43,9,Fri Apr 18 2025 00:00:00 GMT-0400 (Bolivia Time),DIARIO,CHK-EQ-009-43,José González Rojas,Supervisor General,Equipo en condiciones operativas.,[object Object],Fri Apr 18 2025 08:00:00 GMT-0400 (Bolivia Time),Fri Apr 18 2025 08:30:00 GMT-0400 (Bolivia Time)
44,9,Mon Feb 17 2025 00:00:00 GMT-0400 (Bolivia Time),DIARIO,CHK-EQ-009-44,Javier González Silva,Supervisor General,Equipo en condiciones operativas.,[object Object],Mon Feb 17 2025 08:00:00 GMT-0400 (Bolivia Time),Mon Feb 17 2025 08:30:00 GMT-0400 (Bolivia Time)
45,9,Thu Apr 24 2025 00:00:00 GMT-0400 (Bolivia Time),DIARIO,CHK-EQ-009-45,Diego Ramírez Rodríguez,Supervisor General,Equipo en condiciones operativas.,[object Object],Thu Apr 24 2025 08:00:00 GMT-0400 (Bolivia Time),Thu Apr 24 2025 08:30:00 GMT-0400 (Bolivia Time)
46,10,Sat Nov 29 2025 00:00:00 GMT-0400 (Bolivia Time),DIARIO,CHK-EQ-010-46,Hugo Fernández Romero,Supervisor General,Equipo en condiciones operativas.,[object Object],Sat Nov 29 2025 08:00:00 GMT-0400 (Bolivia Time),Sat Nov 29 2025 08:30:00 GMT-0400 (Bolivia Time)
47,10,Tue Nov 04 2025 00:00:00 GMT-0400 (Bolivia Time),DIARIO,CHK-EQ-010-47,José González Rojas,Supervisor General,Equipo en condiciones operativas.,[object Object],Tue Nov 04 2025 08:00:00 GMT-0400 (Bolivia Time),Tue Nov 04 2025 08:30:00 GMT-0400 (Bolivia Time)
48,10,Tue Mar 25 2025 00:00:00 GMT-0400 (Bolivia Time),DIARIO,CHK-EQ-010-48,Hugo Fernández Romero,Supervisor General,Equipo en condiciones operativas.,[object Object],Tue Mar 25 2025 08:00:00 GMT-0400 (Bolivia Time),Tue Mar 25 2025 08:30:00 GMT-0400 (Bolivia Time)
49,10,Wed Jul 09 2025 00:00:00 GMT-0400 (Bolivia Time),DIARIO,CHK-EQ-010-49,Hugo Fernández Romero,Supervisor General,Equipo en condiciones operativas.,[object Object],Wed Jul 09 2025 08:00:00 GMT-0400 (Bolivia Time),Wed Jul 09 2025 08:30:00 GMT-0400 (Bolivia Time)
50,10,Sun Jul 13 2025 00:00:00 GMT-0400 (Bolivia Time),DIARIO,CHK-EQ-010-50,Hugo Fernández Romero,Supervisor General,Equipo en condiciones operativas.,[object Object],Sun Jul 13 2025 08:00:00 GMT-0400 (Bolivia Time),Sun Jul 13 2025 08:30:00 GMT-0400 (Bolivia Time)
51,11,Thu Apr 03 2025 00:00:00 GMT-0400 (Bolivia Time),DIARIO,CHK-EQ-011-51,Rosa Fernández Ramírez,Supervisor General,Equipo en condiciones operativas.,[object Object],Thu Apr 03 2025 08:00:00 GMT-0400 (Bolivia Time),Thu Apr 03 2025 08:30:00 GMT-0400 (Bolivia Time)
52,11,Sat Aug 30 2025 00:00:00 GMT-0400 (Bolivia Time),DIARIO,CHK-EQ-011-52,Patricia Silva Reyes,Supervisor General,Equipo en condiciones operativas.,[object Object],Sat Aug 30 2025 08:00:00 GMT-0400 (Bolivia Time),Sat Aug 30 2025 08:30:00 GMT-0400 (Bolivia Time)
53,11,Fri Oct 31 2025 00:00:00 GMT-0400 (Bolivia Time),DIARIO,CHK-EQ-011-53,Fernando Díaz Pérez,Supervisor General,Equipo en condiciones operativas.,[object Object],Fri Oct 31 2025 08:00:00 GMT-0400 (Bolivia Time),Fri Oct 31 2025 08:30:00 GMT-0400 (Bolivia Time)
54,11,Tue Mar 25 2025 00:00:00 GMT-0400 (Bolivia Time),DIARIO,CHK-EQ-011-54,Hugo Ortiz González,Supervisor General,Equipo en condiciones operativas.,[object Object],Tue Mar 25 2025 08:00:00 GMT-0400 (Bolivia Time),Tue Mar 25 2025 08:30:00 GMT-0400 (Bolivia Time)
55,11,Sat Sep 13 2025 00:00:00 GMT-0400 (Bolivia Time),DIARIO,CHK-EQ-011-55,Elena Romero Pérez,Supervisor General,Equipo en condiciones operativas.,[object Object],Sat Sep 13 2025 08:00:00 GMT-0400 (Bolivia Time),Sat Sep 13 2025 08:30:00 GMT-0400 (Bolivia Time)
56,12,Fri Apr 25 2025 00:00:00 GMT-0400 (Bolivia Time),DIARIO,CHK-EQ-012-56,Fernando Díaz Pérez,Supervisor General,Equipo en condiciones operativas.,[object Object],Fri Apr 25 2025 08:00:00 GMT-0400 (Bolivia Time),Fri Apr 25 2025 08:30:00 GMT-0400 (Bolivia Time)
57,12,Mon Apr 07 2025 00:00:00 GMT-0400 (Bolivia Time),DIARIO,CHK-EQ-012-57,Fernando Flores Reyes,Supervisor General,Equipo en condiciones operativas.,[object Object],Mon Apr 07 2025 08:00:00 GMT-0400 (Bolivia Time),Mon Apr 07 2025 08:30:00 GMT-0400 (Bolivia Time)
58,12,Mon Jul 14 2025 00:00:00 GMT-0400 (Bolivia Time),DIARIO,CHK-EQ-012-58,Fernando Flores Reyes,Supervisor General,Equipo en condiciones operativas.,[object Object],Mon Jul 14 2025 08:00:00 GMT-0400 (Bolivia Time),Mon Jul 14 2025 08:30:00 GMT-0400 (Bolivia Time)
59,12,Sat Feb 01 2025 00:00:00 GMT-0400 (Bolivia Time),DIARIO,CHK-EQ-012-59,Rosa Fernández Ramírez,Supervisor General,Equipo en condiciones operativas.,[object Object],Sat Feb 01 2025 08:00:00 GMT-0400 (Bolivia Time),Sat Feb 01 2025 08:30:00 GMT-0400 (Bolivia Time)
60,12,Wed Nov 26 2025 00:00:00 GMT-0400 (Bolivia Time),DIARIO,CHK-EQ-012-60,Hugo Ortiz González,Supervisor General,Equipo en condiciones operativas.,[object Object],Wed Nov 26 2025 08:00:00 GMT-0400 (Bolivia Time),Wed Nov 26 2025 08:30:00 GMT-0400 (Bolivia Time)
61,13,Fri Apr 18 2025 00:00:00 GMT-0400 (Bolivia Time),DIARIO,CHK-EQ-013-61,Hugo Fernández Romero,Supervisor General,Equipo en condiciones operativas.,[object Object],Fri Apr 18 2025 08:00:00 GMT-0400 (Bolivia Time),Fri Apr 18 2025 08:30:00 GMT-0400 (Bolivia Time)
62,13,Fri Apr 11 2025 00:00:00 GMT-0400 (Bolivia Time),DIARIO,CHK-EQ-013-62,Fernando Flores Reyes,Supervisor General,Equipo en condiciones operativas.,[object Object],Fri Apr 11 2025 08:00:00 GMT-0400 (Bolivia Time),Fri Apr 11 2025 08:30:00 GMT-0400 (Bolivia Time)
63,13,Sat Aug 16 2025 00:00:00 GMT-0400 (Bolivia Time),DIARIO,CHK-EQ-013-63,José González Rojas,Supervisor General,Equipo en condiciones operativas.,[object Object],Sat Aug 16 2025 08:00:00 GMT-0400 (Bolivia Time),Sat Aug 16 2025 08:30:00 GMT-0400 (Bolivia Time)
64,13,Sat Mar 29 2025 00:00:00 GMT-0400 (Bolivia Time),DIARIO,CHK-EQ-013-64,Administrador del Sistema,Supervisor General,Equipo en condiciones operativas.,[object Object],Sat Mar 29 2025 08:00:00 GMT-0400 (Bolivia Time),Sat Mar 29 2025 08:30:00 GMT-0400 (Bolivia Time)
65,13,Thu May 22 2025 00:00:00 GMT-0400 (Bolivia Time),DIARIO,CHK-EQ-013-65,Javier González Silva,Supervisor General,Equipo en condiciones operativas.,[object Object],Thu May 22 2025 08:00:00 GMT-0400 (Bolivia Time),Thu May 22 2025 08:30:00 GMT-0400 (Bolivia Time)
66,14,Wed Dec 25 2024 00:00:00 GMT-0400 (Bolivia Time),DIARIO,CHK-EQ-014-66,Carlos Rivera Cruz,Supervisor General,Equipo en condiciones operativas.,[object Object],Wed Dec 25 2024 08:00:00 GMT-0400 (Bolivia Time),Wed Dec 25 2024 08:30:00 GMT-0400 (Bolivia Time)
67,14,Mon Jul 28 2025 00:00:00 GMT-0400 (Bolivia Time),DIARIO,CHK-EQ-014-67,Fernando Díaz Pérez,Supervisor General,Equipo en condiciones operativas.,[object Object],Mon Jul 28 2025 08:00:00 GMT-0400 (Bolivia Time),Mon Jul 28 2025 08:30:00 GMT-0400 (Bolivia Time)
68,14,Sun Jul 13 2025 00:00:00 GMT-0400 (Bolivia Time),DIARIO,CHK-EQ-014-68,Hugo Fernández Romero,Supervisor General,Equipo en condiciones operativas.,[object Object],Sun Jul 13 2025 08:00:00 GMT-0400 (Bolivia Time),Sun Jul 13 2025 08:30:00 GMT-0400 (Bolivia Time)
69,14,Thu Aug 14 2025 00:00:00 GMT-0400 (Bolivia Time),DIARIO,CHK-EQ-014-69,Sandra Ortiz Ruiz,Supervisor General,Equipo en condiciones operativas.,[object Object],Thu Aug 14 2025 08:00:00 GMT-0400 (Bolivia Time),Thu Aug 14 2025 08:30:00 GMT-0400 (Bolivia Time)
70,14,Sun Nov 09 2025 00:00:00 GMT-0400 (Bolivia Time),DIARIO,CHK-EQ-014-70,Javier González Silva,Supervisor General,Equipo en condiciones operativas.,[object Object],Sun Nov 09 2025 08:00:00 GMT-0400 (Bolivia Time),Sun Nov 09 2025 08:30:00 GMT-0400 (Bolivia Time)
71,15,Thu Dec 12 2024 00:00:00 GMT-0400 (Bolivia Time),DIARIO,CHK-EQ-015-71,Hugo Fernández Romero,Supervisor General,Equipo en condiciones operativas.,[object Object],Thu Dec 12 2024 08:00:00 GMT-0400 (Bolivia Time),Thu Dec 12 2024 08:30:00 GMT-0400 (Bolivia Time)
72,15,Mon Jun 23 2025 00:00:00 GMT-0400 (Bolivia Time),DIARIO,CHK-EQ-015-72,Javier González Silva,Supervisor General,Equipo en condiciones operativas.,[object Object],Mon Jun 23 2025 08:00:00 GMT-0400 (Bolivia Time),Mon Jun 23 2025 08:30:00 GMT-0400 (Bolivia Time)
73,15,Sun Aug 17 2025 00:00:00 GMT-0400 (Bolivia Time),DIARIO,CHK-EQ-015-73,Elena Romero Pérez,Supervisor General,Equipo en condiciones operativas.,[object Object],Sun Aug 17 2025 08:00:00 GMT-0400 (Bolivia Time),Sun Aug 17 2025 08:30:00 GMT-0400 (Bolivia Time)
74,15,Tue Jul 22 2025 00:00:00 GMT-0400 (Bolivia Time),DIARIO,CHK-EQ-015-74,Elena Romero Pérez,Supervisor General,Equipo en condiciones operativas.,[object Object],Tue Jul 22 2025 08:00:00 GMT-0400 (Bolivia Time),Tue Jul 22 2025 08:30:00 GMT-0400 (Bolivia Time)
75,15,Tue Apr 29 2025 00:00:00 GMT-0400 (Bolivia Time),DIARIO,CHK-EQ-015-75,Rosa Fernández Ramírez,Supervisor General,Equipo en condiciones operativas.,[object Object],Tue Apr 29 2025 08:00:00 GMT-0400 (Bolivia Time),Tue Apr 29 2025 08:30:00 GMT-0400 (Bolivia Time)
76,16,Sat Jan 11 2025 00:00:00 GMT-0400 (Bolivia Time),DIARIO,CHK-EQ-016-76,José Gómez Castillo,Supervisor General,Equipo en condiciones operativas.,[object Object],Sat Jan 11 2025 08:00:00 GMT-0400 (Bolivia Time),Sat Jan 11 2025 08:30:00 GMT-0400 (Bolivia Time)
77,16,Mon Jan 06 2025 00:00:00 GMT-0400 (Bolivia Time),DIARIO,CHK-EQ-016-77,Diego Ramírez Rodríguez,Supervisor General,Equipo en condiciones operativas.,[object Object],Mon Jan 06 2025 08:00:00 GMT-0400 (Bolivia Time),Mon Jan 06 2025 08:30:00 GMT-0400 (Bolivia Time)
78,16,Mon Sep 15 2025 00:00:00 GMT-0400 (Bolivia Time),DIARIO,CHK-EQ-016-78,Fernando Díaz Pérez,Supervisor General,Equipo en condiciones operativas.,[object Object],Mon Sep 15 2025 08:00:00 GMT-0400 (Bolivia Time),Mon Sep 15 2025 08:30:00 GMT-0400 (Bolivia Time)
79,16,Sat Apr 26 2025 00:00:00 GMT-0400 (Bolivia Time),DIARIO,CHK-EQ-016-79,Hugo Fernández Romero,Supervisor General,Equipo en condiciones operativas.,[object Object],Sat Apr 26 2025 08:00:00 GMT-0400 (Bolivia Time),Sat Apr 26 2025 08:30:00 GMT-0400 (Bolivia Time)
80,16,Sat Sep 27 2025 00:00:00 GMT-0400 (Bolivia Time),DIARIO,CHK-EQ-016-80,José Gómez Castillo,Supervisor General,Equipo en condiciones operativas.,[object Object],Sat Sep 27 2025 08:00:00 GMT-0400 (Bolivia Time),Sat Sep 27 2025 08:30:00 GMT-0400 (Bolivia Time)
81,17,Wed Jul 23 2025 00:00:00 GMT-0400 (Bolivia Time),DIARIO,CHK-EQ-017-81,Sandra Ortiz Ruiz,Supervisor General,Equipo en condiciones operativas.,[object Object],Wed Jul 23 2025 08:00:00 GMT-0400 (Bolivia Time),Wed Jul 23 2025 08:30:00 GMT-0400 (Bolivia Time)
82,17,Sat Feb 08 2025 00:00:00 GMT-0400 (Bolivia Time),DIARIO,CHK-EQ-017-82,Administrador del Sistema,Supervisor General,Equipo en condiciones operativas.,[object Object],Sat Feb 08 2025 08:00:00 GMT-0400 (Bolivia Time),Sat Feb 08 2025 08:30:00 GMT-0400 (Bolivia Time)
83,17,Thu Jul 31 2025 00:00:00 GMT-0400 (Bolivia Time),DIARIO,CHK-EQ-017-83,Rosa Fernández Ramírez,Supervisor General,Equipo en condiciones operativas.,[object Object],Thu Jul 31 2025 08:00:00 GMT-0400 (Bolivia Time),Thu Jul 31 2025 08:30:00 GMT-0400 (Bolivia Time)
84,17,Fri Jan 10 2025 00:00:00 GMT-0400 (Bolivia Time),DIARIO,CHK-EQ-017-84,Fernando Flores Reyes,Supervisor General,Equipo en condiciones operativas.,[object Object],Fri Jan 10 2025 08:00:00 GMT-0400 (Bolivia Time),Fri Jan 10 2025 08:30:00 GMT-0400 (Bolivia Time)
85,17,Thu May 08 2025 00:00:00 GMT-0400 (Bolivia Time),DIARIO,CHK-EQ-017-85,Administrador del Sistema,Supervisor General,Equipo en condiciones operativas.,[object Object],Thu May 08 2025 08:00:00 GMT-0400 (Bolivia Time),Thu May 08 2025 08:30:00 GMT-0400 (Bolivia Time)
86,18,Mon Mar 31 2025 00:00:00 GMT-0400 (Bolivia Time),DIARIO,CHK-EQ-018-86,Elena Romero Pérez,Supervisor General,Equipo en condiciones operativas.,[object Object],Mon Mar 31 2025 08:00:00 GMT-0400 (Bolivia Time),Mon Mar 31 2025 08:30:00 GMT-0400 (Bolivia Time)
87,18,Fri Aug 15 2025 00:00:00 GMT-0400 (Bolivia Time),DIARIO,CHK-EQ-018-87,Francisco López Ruiz,Supervisor General,Equipo en condiciones operativas.,[object Object],Fri Aug 15 2025 08:00:00 GMT-0400 (Bolivia Time),Fri Aug 15 2025 08:30:00 GMT-0400 (Bolivia Time)
88,18,Sat May 24 2025 00:00:00 GMT-0400 (Bolivia Time),DIARIO,CHK-EQ-018-88,Diego Ramírez Rodríguez,Supervisor General,Equipo en condiciones operativas.,[object Object],Sat May 24 2025 08:00:00 GMT-0400 (Bolivia Time),Sat May 24 2025 08:30:00 GMT-0400 (Bolivia Time)
89,18,Mon Jan 20 2025 00:00:00 GMT-0400 (Bolivia Time),DIARIO,CHK-EQ-018-89,Diego Ramírez Rodríguez,Supervisor General,Equipo en condiciones operativas.,[object Object],Mon Jan 20 2025 08:00:00 GMT-0400 (Bolivia Time),Mon Jan 20 2025 08:30:00 GMT-0400 (Bolivia Time)
90,18,Wed May 21 2025 00:00:00 GMT-0400 (Bolivia Time),DIARIO,CHK-EQ-018-90,Fernando Díaz Pérez,Supervisor General,Equipo en condiciones operativas.,[object Object],Wed May 21 2025 08:00:00 GMT-0400 (Bolivia Time),Wed May 21 2025 08:30:00 GMT-0400 (Bolivia Time)
91,19,Sat Aug 23 2025 00:00:00 GMT-0400 (Bolivia Time),DIARIO,CHK-EQ-019-91,Elena Romero Pérez,Supervisor General,Equipo en condiciones operativas.,[object Object],Sat Aug 23 2025 08:00:00 GMT-0400 (Bolivia Time),Sat Aug 23 2025 08:30:00 GMT-0400 (Bolivia Time)
92,19,Thu Aug 28 2025 00:00:00 GMT-0400 (Bolivia Time),DIARIO,CHK-EQ-019-92,Hugo Fernández Romero,Supervisor General,Equipo en condiciones operativas.,[object Object],Thu Aug 28 2025 08:00:00 GMT-0400 (Bolivia Time),Thu Aug 28 2025 08:30:00 GMT-0400 (Bolivia Time)
93,19,Sat Oct 11 2025 00:00:00 GMT-0400 (Bolivia Time),DIARIO,CHK-EQ-019-93,Hugo Fernández Romero,Supervisor General,Equipo en condiciones operativas.,[object Object],Sat Oct 11 2025 08:00:00 GMT-0400 (Bolivia Time),Sat Oct 11 2025 08:30:00 GMT-0400 (Bolivia Time)
94,19,Wed Apr 09 2025 00:00:00 GMT-0400 (Bolivia Time),DIARIO,CHK-EQ-019-94,Administrador del Sistema,Supervisor General,Equipo en condiciones operativas.,[object Object],Wed Apr 09 2025 08:00:00 GMT-0400 (Bolivia Time),Wed Apr 09 2025 08:30:00 GMT-0400 (Bolivia Time)
95,19,Fri Nov 07 2025 00:00:00 GMT-0400 (Bolivia Time),DIARIO,CHK-EQ-019-95,Javier González Silva,Supervisor General,Equipo en condiciones operativas.,[object Object],Fri Nov 07 2025 08:00:00 GMT-0400 (Bolivia Time),Fri Nov 07 2025 08:30:00 GMT-0400 (Bolivia Time)
96,20,Fri Mar 14 2025 00:00:00 GMT-0400 (Bolivia Time),DIARIO,CHK-EQ-020-96,Francisco López Ruiz,Supervisor General,Equipo en condiciones operativas.,[object Object],Fri Mar 14 2025 08:00:00 GMT-0400 (Bolivia Time),Fri Mar 14 2025 08:30:00 GMT-0400 (Bolivia Time)
97,20,Thu Aug 21 2025 00:00:00 GMT-0400 (Bolivia Time),DIARIO,CHK-EQ-020-97,Administrador del Sistema,Supervisor General,Equipo en condiciones operativas.,[object Object],Thu Aug 21 2025 08:00:00 GMT-0400 (Bolivia Time),Thu Aug 21 2025 08:30:00 GMT-0400 (Bolivia Time)
98,20,Wed Aug 06 2025 00:00:00 GMT-0400 (Bolivia Time),DIARIO,CHK-EQ-020-98,Francisco López Ruiz,Supervisor General,Equipo en condiciones operativas.,[object Object],Wed Aug 06 2025 08:00:00 GMT-0400 (Bolivia Time),Wed Aug 06 2025 08:30:00 GMT-0400 (Bolivia Time)
99,20,Mon Mar 31 2025 00:00:00 GMT-0400 (Bolivia Time),DIARIO,CHK-EQ-020-99,Administrador del Sistema,Supervisor General,Equipo en condiciones operativas.,[object Object],Mon Mar 31 2025 08:00:00 GMT-0400 (Bolivia Time),Mon Mar 31 2025 08:30:00 GMT-0400 (Bolivia Time)
100,20,Sat Sep 06 2025 00:00:00 GMT-0400 (Bolivia Time),DIARIO,CHK-EQ-020-100,José González Rojas,Supervisor General,Equipo en condiciones operativas.,[object Object],Sat Sep 06 2025 08:00:00 GMT-0400 (Bolivia Time),Sat Sep 06 2025 08:30:00 GMT-0400 (Bolivia Time)
101,21,Sun Aug 31 2025 00:00:00 GMT-0400 (Bolivia Time),DIARIO,CHK-EQ-021-101,Diego Ramírez Rodríguez,Supervisor General,Equipo en condiciones operativas.,[object Object],Sun Aug 31 2025 08:00:00 GMT-0400 (Bolivia Time),Sun Aug 31 2025 08:30:00 GMT-0400 (Bolivia Time)
102,21,Tue Mar 04 2025 00:00:00 GMT-0400 (Bolivia Time),DIARIO,CHK-EQ-021-102,Patricia Silva Reyes,Supervisor General,Equipo en condiciones operativas.,[object Object],Tue Mar 04 2025 08:00:00 GMT-0400 (Bolivia Time),Tue Mar 04 2025 08:30:00 GMT-0400 (Bolivia Time)
103,21,Tue Aug 26 2025 00:00:00 GMT-0400 (Bolivia Time),DIARIO,CHK-EQ-021-103,Sandra Ortiz Ruiz,Supervisor General,Equipo en condiciones operativas.,[object Object],Tue Aug 26 2025 08:00:00 GMT-0400 (Bolivia Time),Tue Aug 26 2025 08:30:00 GMT-0400 (Bolivia Time)
104,21,Wed Dec 03 2025 00:00:00 GMT-0400 (Bolivia Time),DIARIO,CHK-EQ-021-104,José Gómez Castillo,Supervisor General,Equipo en condiciones operativas.,[object Object],Wed Dec 03 2025 08:00:00 GMT-0400 (Bolivia Time),Wed Dec 03 2025 08:30:00 GMT-0400 (Bolivia Time)
105,21,Sat Apr 26 2025 00:00:00 GMT-0400 (Bolivia Time),DIARIO,CHK-EQ-021-105,Francisco López Ruiz,Supervisor General,Equipo en condiciones operativas.,[object Object],Sat Apr 26 2025 08:00:00 GMT-0400 (Bolivia Time),Sat Apr 26 2025 08:30:00 GMT-0400 (Bolivia Time)
106,22,Tue Jul 22 2025 00:00:00 GMT-0400 (Bolivia Time),DIARIO,CHK-EQ-022-106,José Gómez Castillo,Supervisor General,Equipo en condiciones operativas.,[object Object],Tue Jul 22 2025 08:00:00 GMT-0400 (Bolivia Time),Tue Jul 22 2025 08:30:00 GMT-0400 (Bolivia Time)
107,22,Tue Aug 12 2025 00:00:00 GMT-0400 (Bolivia Time),DIARIO,CHK-EQ-022-107,Fernando Flores Reyes,Supervisor General,Equipo en condiciones operativas.,[object Object],Tue Aug 12 2025 08:00:00 GMT-0400 (Bolivia Time),Tue Aug 12 2025 08:30:00 GMT-0400 (Bolivia Time)
108,22,Wed Dec 25 2024 00:00:00 GMT-0400 (Bolivia Time),DIARIO,CHK-EQ-022-108,Administrador del Sistema,Supervisor General,Equipo en condiciones operativas.,[object Object],Wed Dec 25 2024 08:00:00 GMT-0400 (Bolivia Time),Wed Dec 25 2024 08:30:00 GMT-0400 (Bolivia Time)
109,22,Wed Feb 19 2025 00:00:00 GMT-0400 (Bolivia Time),DIARIO,CHK-EQ-022-109,Fernando Flores Reyes,Supervisor General,Equipo en condiciones operativas.,[object Object],Wed Feb 19 2025 08:00:00 GMT-0400 (Bolivia Time),Wed Feb 19 2025 08:30:00 GMT-0400 (Bolivia Time)
110,22,Sun Feb 16 2025 00:00:00 GMT-0400 (Bolivia Time),DIARIO,CHK-EQ-022-110,Ricardo Fernández Alvarez,Supervisor General,Equipo en condiciones operativas.,[object Object],Sun Feb 16 2025 08:00:00 GMT-0400 (Bolivia Time),Sun Feb 16 2025 08:30:00 GMT-0400 (Bolivia Time)
111,23,Mon Sep 01 2025 00:00:00 GMT-0400 (Bolivia Time),DIARIO,CHK-EQ-023-111,Patricia Silva Reyes,Supervisor General,Equipo en condiciones operativas.,[object Object],Mon Sep 01 2025 08:00:00 GMT-0400 (Bolivia Time),Mon Sep 01 2025 08:30:00 GMT-0400 (Bolivia Time)
112,23,Sat Jan 11 2025 00:00:00 GMT-0400 (Bolivia Time),DIARIO,CHK-EQ-023-112,Hugo Fernández Romero,Supervisor General,Equipo en condiciones operativas.,[object Object],Sat Jan 11 2025 08:00:00 GMT-0400 (Bolivia Time),Sat Jan 11 2025 08:30:00 GMT-0400 (Bolivia Time)
113,23,Thu May 29 2025 00:00:00 GMT-0400 (Bolivia Time),DIARIO,CHK-EQ-023-113,Fernando Flores Reyes,Supervisor General,Equipo en condiciones operativas.,[object Object],Thu May 29 2025 08:00:00 GMT-0400 (Bolivia Time),Thu May 29 2025 08:30:00 GMT-0400 (Bolivia Time)
114,23,Fri Feb 28 2025 00:00:00 GMT-0400 (Bolivia Time),DIARIO,CHK-EQ-023-114,Hugo Ortiz González,Supervisor General,Equipo en condiciones operativas.,[object Object],Fri Feb 28 2025 08:00:00 GMT-0400 (Bolivia Time),Fri Feb 28 2025 08:30:00 GMT-0400 (Bolivia Time)
115,23,Sat Apr 19 2025 00:00:00 GMT-0400 (Bolivia Time),DIARIO,CHK-EQ-023-115,Ricardo Fernández Alvarez,Supervisor General,Equipo en condiciones operativas.,[object Object],Sat Apr 19 2025 08:00:00 GMT-0400 (Bolivia Time),Sat Apr 19 2025 08:30:00 GMT-0400 (Bolivia Time)
116,24,Mon Feb 03 2025 00:00:00 GMT-0400 (Bolivia Time),DIARIO,CHK-EQ-024-116,Hugo Fernández Romero,Supervisor General,Equipo en condiciones operativas.,[object Object],Mon Feb 03 2025 08:00:00 GMT-0400 (Bolivia Time),Mon Feb 03 2025 08:30:00 GMT-0400 (Bolivia Time)
117,24,Sat Oct 25 2025 00:00:00 GMT-0400 (Bolivia Time),DIARIO,CHK-EQ-024-117,Hugo Ortiz González,Supervisor General,Equipo en condiciones operativas.,[object Object],Sat Oct 25 2025 08:00:00 GMT-0400 (Bolivia Time),Sat Oct 25 2025 08:30:00 GMT-0400 (Bolivia Time)
118,24,Sun Mar 09 2025 00:00:00 GMT-0400 (Bolivia Time),DIARIO,CHK-EQ-024-118,José Gómez Castillo,Supervisor General,Equipo en condiciones operativas.,[object Object],Sun Mar 09 2025 08:00:00 GMT-0400 (Bolivia Time),Sun Mar 09 2025 08:30:00 GMT-0400 (Bolivia Time)
119,24,Mon Dec 09 2024 00:00:00 GMT-0400 (Bolivia Time),DIARIO,CHK-EQ-024-119,Fernando Flores Reyes,Supervisor General,Equipo en condiciones operativas.,[object Object],Mon Dec 09 2024 08:00:00 GMT-0400 (Bolivia Time),Mon Dec 09 2024 08:30:00 GMT-0400 (Bolivia Time)
120,24,Thu Jan 23 2025 00:00:00 GMT-0400 (Bolivia Time),DIARIO,CHK-EQ-024-120,Francisco López Ruiz,Supervisor General,Equipo en condiciones operativas.,[object Object],Thu Jan 23 2025 08:00:00 GMT-0400 (Bolivia Time),Thu Jan 23 2025 08:30:00 GMT-0400 (Bolivia Time)
121,25,Sat Jan 18 2025 00:00:00 GMT-0400 (Bolivia Time),DIARIO,CHK-EQ-025-121,Elena Romero Pérez,Supervisor General,Equipo en condiciones operativas.,[object Object],Sat Jan 18 2025 08:00:00 GMT-0400 (Bolivia Time),Sat Jan 18 2025 08:30:00 GMT-0400 (Bolivia Time)
122,25,Thu Apr 10 2025 00:00:00 GMT-0400 (Bolivia Time),DIARIO,CHK-EQ-025-122,Francisco López Ruiz,Supervisor General,Equipo en condiciones operativas.,[object Object],Thu Apr 10 2025 08:00:00 GMT-0400 (Bolivia Time),Thu Apr 10 2025 08:30:00 GMT-0400 (Bolivia Time)
123,25,Fri Apr 18 2025 00:00:00 GMT-0400 (Bolivia Time),DIARIO,CHK-EQ-025-123,José Gómez Castillo,Supervisor General,Equipo en condiciones operativas.,[object Object],Fri Apr 18 2025 08:00:00 GMT-0400 (Bolivia Time),Fri Apr 18 2025 08:30:00 GMT-0400 (Bolivia Time)
124,25,Mon Jul 14 2025 00:00:00 GMT-0400 (Bolivia Time),DIARIO,CHK-EQ-025-124,Rosa Fernández Ramírez,Supervisor General,Equipo en condiciones operativas.,[object Object],Mon Jul 14 2025 08:00:00 GMT-0400 (Bolivia Time),Mon Jul 14 2025 08:30:00 GMT-0400 (Bolivia Time)
125,25,Wed Apr 30 2025 00:00:00 GMT-0400 (Bolivia Time),DIARIO,CHK-EQ-025-125,Carlos Rivera Cruz,Supervisor General,Equipo en condiciones operativas.,[object Object],Wed Apr 30 2025 08:00:00 GMT-0400 (Bolivia Time),Wed Apr 30 2025 08:30:00 GMT-0400 (Bolivia Time)
126,26,Wed Jan 22 2025 00:00:00 GMT-0400 (Bolivia Time),DIARIO,CHK-EQ-026-126,Elena Romero Pérez,Supervisor General,Equipo en condiciones operativas.,[object Object],Wed Jan 22 2025 08:00:00 GMT-0400 (Bolivia Time),Wed Jan 22 2025 08:30:00 GMT-0400 (Bolivia Time)
127,26,Thu Feb 27 2025 00:00:00 GMT-0400 (Bolivia Time),DIARIO,CHK-EQ-026-127,Hugo Fernández Romero,Supervisor General,Equipo en condiciones operativas.,[object Object],Thu Feb 27 2025 08:00:00 GMT-0400 (Bolivia Time),Thu Feb 27 2025 08:30:00 GMT-0400 (Bolivia Time)
128,26,Sat Oct 25 2025 00:00:00 GMT-0400 (Bolivia Time),DIARIO,CHK-EQ-026-128,Elena Romero Pérez,Supervisor General,Equipo en condiciones operativas.,[object Object],Sat Oct 25 2025 08:00:00 GMT-0400 (Bolivia Time),Sat Oct 25 2025 08:30:00 GMT-0400 (Bolivia Time)
129,26,Sun Oct 26 2025 00:00:00 GMT-0400 (Bolivia Time),DIARIO,CHK-EQ-026-129,Rosa Fernández Ramírez,Supervisor General,Equipo en condiciones operativas.,[object Object],Sun Oct 26 2025 08:00:00 GMT-0400 (Bolivia Time),Sun Oct 26 2025 08:30:00 GMT-0400 (Bolivia Time)
130,26,Tue Mar 11 2025 00:00:00 GMT-0400 (Bolivia Time),DIARIO,CHK-EQ-026-130,Rosa Fernández Ramírez,Supervisor General,Equipo en condiciones operativas.,[object Object],Tue Mar 11 2025 08:00:00 GMT-0400 (Bolivia Time),Tue Mar 11 2025 08:30:00 GMT-0400 (Bolivia Time)
131,27,Fri Feb 21 2025 00:00:00 GMT-0400 (Bolivia Time),DIARIO,CHK-EQ-027-131,José Gómez Castillo,Supervisor General,Equipo en condiciones operativas.,[object Object],Fri Feb 21 2025 08:00:00 GMT-0400 (Bolivia Time),Fri Feb 21 2025 08:30:00 GMT-0400 (Bolivia Time)
132,27,Wed Jul 23 2025 00:00:00 GMT-0400 (Bolivia Time),DIARIO,CHK-EQ-027-132,Francisco López Ruiz,Supervisor General,Equipo en condiciones operativas.,[object Object],Wed Jul 23 2025 08:00:00 GMT-0400 (Bolivia Time),Wed Jul 23 2025 08:30:00 GMT-0400 (Bolivia Time)
133,27,Wed Jun 04 2025 00:00:00 GMT-0400 (Bolivia Time),DIARIO,CHK-EQ-027-133,Administrador del Sistema,Supervisor General,Equipo en condiciones operativas.,[object Object],Wed Jun 04 2025 08:00:00 GMT-0400 (Bolivia Time),Wed Jun 04 2025 08:30:00 GMT-0400 (Bolivia Time)
134,27,Sat Sep 06 2025 00:00:00 GMT-0400 (Bolivia Time),DIARIO,CHK-EQ-027-134,Hugo Fernández Romero,Supervisor General,Equipo en condiciones operativas.,[object Object],Sat Sep 06 2025 08:00:00 GMT-0400 (Bolivia Time),Sat Sep 06 2025 08:30:00 GMT-0400 (Bolivia Time)
135,27,Sat Feb 15 2025 00:00:00 GMT-0400 (Bolivia Time),DIARIO,CHK-EQ-027-135,Fernando Flores Reyes,Supervisor General,Equipo en condiciones operativas.,[object Object],Sat Feb 15 2025 08:00:00 GMT-0400 (Bolivia Time),Sat Feb 15 2025 08:30:00 GMT-0400 (Bolivia Time)
136,28,Thu Oct 16 2025 00:00:00 GMT-0400 (Bolivia Time),DIARIO,CHK-EQ-028-136,Patricia Silva Reyes,Supervisor General,Equipo en condiciones operativas.,[object Object],Thu Oct 16 2025 08:00:00 GMT-0400 (Bolivia Time),Thu Oct 16 2025 08:30:00 GMT-0400 (Bolivia Time)
137,28,Thu Oct 09 2025 00:00:00 GMT-0400 (Bolivia Time),DIARIO,CHK-EQ-028-137,Administrador del Sistema,Supervisor General,Equipo en condiciones operativas.,[object Object],Thu Oct 09 2025 08:00:00 GMT-0400 (Bolivia Time),Thu Oct 09 2025 08:30:00 GMT-0400 (Bolivia Time)
138,28,Tue Oct 21 2025 00:00:00 GMT-0400 (Bolivia Time),DIARIO,CHK-EQ-028-138,Javier González Silva,Supervisor General,Equipo en condiciones operativas.,[object Object],Tue Oct 21 2025 08:00:00 GMT-0400 (Bolivia Time),Tue Oct 21 2025 08:30:00 GMT-0400 (Bolivia Time)
139,28,Tue Apr 08 2025 00:00:00 GMT-0400 (Bolivia Time),DIARIO,CHK-EQ-028-139,Elena Romero Pérez,Supervisor General,Equipo en condiciones operativas.,[object Object],Tue Apr 08 2025 08:00:00 GMT-0400 (Bolivia Time),Tue Apr 08 2025 08:30:00 GMT-0400 (Bolivia Time)
140,28,Fri Jan 31 2025 00:00:00 GMT-0400 (Bolivia Time),DIARIO,CHK-EQ-028-140,Diego Ramírez Rodríguez,Supervisor General,Equipo en condiciones operativas.,[object Object],Fri Jan 31 2025 08:00:00 GMT-0400 (Bolivia Time),Fri Jan 31 2025 08:30:00 GMT-0400 (Bolivia Time)
141,29,Thu May 15 2025 00:00:00 GMT-0400 (Bolivia Time),DIARIO,CHK-EQ-029-141,Elena Romero Pérez,Supervisor General,Equipo en condiciones operativas.,[object Object],Thu May 15 2025 08:00:00 GMT-0400 (Bolivia Time),Thu May 15 2025 08:30:00 GMT-0400 (Bolivia Time)
142,29,Wed May 14 2025 00:00:00 GMT-0400 (Bolivia Time),DIARIO,CHK-EQ-029-142,Javier González Silva,Supervisor General,Equipo en condiciones operativas.,[object Object],Wed May 14 2025 08:00:00 GMT-0400 (Bolivia Time),Wed May 14 2025 08:30:00 GMT-0400 (Bolivia Time)
143,29,Sat May 10 2025 00:00:00 GMT-0400 (Bolivia Time),DIARIO,CHK-EQ-029-143,Elena Romero Pérez,Supervisor General,Equipo en condiciones operativas.,[object Object],Sat May 10 2025 08:00:00 GMT-0400 (Bolivia Time),Sat May 10 2025 08:30:00 GMT-0400 (Bolivia Time)
144,29,Sun Dec 22 2024 00:00:00 GMT-0400 (Bolivia Time),DIARIO,CHK-EQ-029-144,Hugo Ortiz González,Supervisor General,Equipo en condiciones operativas.,[object Object],Sun Dec 22 2024 08:00:00 GMT-0400 (Bolivia Time),Sun Dec 22 2024 08:30:00 GMT-0400 (Bolivia Time)
145,29,Sun Feb 02 2025 00:00:00 GMT-0400 (Bolivia Time),DIARIO,CHK-EQ-029-145,Rosa Fernández Ramírez,Supervisor General,Equipo en condiciones operativas.,[object Object],Sun Feb 02 2025 08:00:00 GMT-0400 (Bolivia Time),Sun Feb 02 2025 08:30:00 GMT-0400 (Bolivia Time)
146,30,Thu Feb 20 2025 00:00:00 GMT-0400 (Bolivia Time),DIARIO,CHK-EQ-030-146,Francisco López Ruiz,Supervisor General,Equipo en condiciones operativas.,[object Object],Thu Feb 20 2025 08:00:00 GMT-0400 (Bolivia Time),Thu Feb 20 2025 08:30:00 GMT-0400 (Bolivia Time)
147,30,Sun Feb 02 2025 00:00:00 GMT-0400 (Bolivia Time),DIARIO,CHK-EQ-030-147,Fernando Flores Reyes,Supervisor General,Equipo en condiciones operativas.,[object Object],Sun Feb 02 2025 08:00:00 GMT-0400 (Bolivia Time),Sun Feb 02 2025 08:30:00 GMT-0400 (Bolivia Time)
148,30,Fri Jun 06 2025 00:00:00 GMT-0400 (Bolivia Time),DIARIO,CHK-EQ-030-148,José Gómez Castillo,Supervisor General,Equipo en condiciones operativas.,[object Object],Fri Jun 06 2025 08:00:00 GMT-0400 (Bolivia Time),Fri Jun 06 2025 08:30:00 GMT-0400 (Bolivia Time)
149,30,Wed Sep 17 2025 00:00:00 GMT-0400 (Bolivia Time),DIARIO,CHK-EQ-030-149,José González Rojas,Supervisor General,Equipo en condiciones operativas.,[object Object],Wed Sep 17 2025 08:00:00 GMT-0400 (Bolivia Time),Wed Sep 17 2025 08:30:00 GMT-0400 (Bolivia Time)
150,30,Tue Nov 04 2025 00:00:00 GMT-0400 (Bolivia Time),DIARIO,CHK-EQ-030-150,Ricardo Fernández Alvarez,Supervisor General,Equipo en condiciones operativas.,[object Object],Tue Nov 04 2025 08:00:00 GMT-0400 (Bolivia Time),Tue Nov 04 2025 08:30:00 GMT-0400 (Bolivia Time)
151,31,Thu Apr 10 2025 00:00:00 GMT-0400 (Bolivia Time),DIARIO,CHK-EQ-031-151,Hugo Ortiz González,Supervisor General,Equipo en condiciones operativas.,[object Object],Thu Apr 10 2025 08:00:00 GMT-0400 (Bolivia Time),Thu Apr 10 2025 08:30:00 GMT-0400 (Bolivia Time)
152,31,Sun Apr 06 2025 00:00:00 GMT-0400 (Bolivia Time),DIARIO,CHK-EQ-031-152,Francisco López Ruiz,Supervisor General,Equipo en condiciones operativas.,[object Object],Sun Apr 06 2025 08:00:00 GMT-0400 (Bolivia Time),Sun Apr 06 2025 08:30:00 GMT-0400 (Bolivia Time)
153,31,Sat Apr 12 2025 00:00:00 GMT-0400 (Bolivia Time),DIARIO,CHK-EQ-031-153,Sandra Ortiz Ruiz,Supervisor General,Equipo en condiciones operativas.,[object Object],Sat Apr 12 2025 08:00:00 GMT-0400 (Bolivia Time),Sat Apr 12 2025 08:30:00 GMT-0400 (Bolivia Time)
154,31,Sat Jul 19 2025 00:00:00 GMT-0400 (Bolivia Time),DIARIO,CHK-EQ-031-154,José Gómez Castillo,Supervisor General,Equipo en condiciones operativas.,[object Object],Sat Jul 19 2025 08:00:00 GMT-0400 (Bolivia Time),Sat Jul 19 2025 08:30:00 GMT-0400 (Bolivia Time)
155,31,Sat Apr 12 2025 00:00:00 GMT-0400 (Bolivia Time),DIARIO,CHK-EQ-031-155,Hugo Fernández Romero,Supervisor General,Equipo en condiciones operativas.,[object Object],Sat Apr 12 2025 08:00:00 GMT-0400 (Bolivia Time),Sat Apr 12 2025 08:30:00 GMT-0400 (Bolivia Time)
156,32,Wed Nov 26 2025 00:00:00 GMT-0400 (Bolivia Time),DIARIO,CHK-EQ-032-156,Hugo Fernández Romero,Supervisor General,Equipo en condiciones operativas.,[object Object],Wed Nov 26 2025 08:00:00 GMT-0400 (Bolivia Time),Wed Nov 26 2025 08:30:00 GMT-0400 (Bolivia Time)
157,32,Tue Jun 17 2025 00:00:00 GMT-0400 (Bolivia Time),DIARIO,CHK-EQ-032-157,Fernando Flores Reyes,Supervisor General,Equipo en condiciones operativas.,[object Object],Tue Jun 17 2025 08:00:00 GMT-0400 (Bolivia Time),Tue Jun 17 2025 08:30:00 GMT-0400 (Bolivia Time)
158,32,Thu May 22 2025 00:00:00 GMT-0400 (Bolivia Time),DIARIO,CHK-EQ-032-158,Ricardo Fernández Alvarez,Supervisor General,Equipo en condiciones operativas.,[object Object],Thu May 22 2025 08:00:00 GMT-0400 (Bolivia Time),Thu May 22 2025 08:30:00 GMT-0400 (Bolivia Time)
159,32,Fri Oct 10 2025 00:00:00 GMT-0400 (Bolivia Time),DIARIO,CHK-EQ-032-159,Rosa Fernández Ramírez,Supervisor General,Equipo en condiciones operativas.,[object Object],Fri Oct 10 2025 08:00:00 GMT-0400 (Bolivia Time),Fri Oct 10 2025 08:30:00 GMT-0400 (Bolivia Time)
160,32,Sat Jun 14 2025 00:00:00 GMT-0400 (Bolivia Time),DIARIO,CHK-EQ-032-160,Hugo Fernández Romero,Supervisor General,Equipo en condiciones operativas.,[object Object],Sat Jun 14 2025 08:00:00 GMT-0400 (Bolivia Time),Sat Jun 14 2025 08:30:00 GMT-0400 (Bolivia Time)
161,33,Thu Aug 07 2025 00:00:00 GMT-0400 (Bolivia Time),DIARIO,CHK-EQ-033-161,Fernando Díaz Pérez,Supervisor General,Equipo en condiciones operativas.,[object Object],Thu Aug 07 2025 08:00:00 GMT-0400 (Bolivia Time),Thu Aug 07 2025 08:30:00 GMT-0400 (Bolivia Time)
162,33,Mon May 12 2025 00:00:00 GMT-0400 (Bolivia Time),DIARIO,CHK-EQ-033-162,Fernando Flores Reyes,Supervisor General,Equipo en condiciones operativas.,[object Object],Mon May 12 2025 08:00:00 GMT-0400 (Bolivia Time),Mon May 12 2025 08:30:00 GMT-0400 (Bolivia Time)
163,33,Tue Mar 11 2025 00:00:00 GMT-0400 (Bolivia Time),DIARIO,CHK-EQ-033-163,Hugo Ortiz González,Supervisor General,Equipo en condiciones operativas.,[object Object],Tue Mar 11 2025 08:00:00 GMT-0400 (Bolivia Time),Tue Mar 11 2025 08:30:00 GMT-0400 (Bolivia Time)
164,33,Mon Dec 23 2024 00:00:00 GMT-0400 (Bolivia Time),DIARIO,CHK-EQ-033-164,Carlos Rivera Cruz,Supervisor General,Equipo en condiciones operativas.,[object Object],Mon Dec 23 2024 08:00:00 GMT-0400 (Bolivia Time),Mon Dec 23 2024 08:30:00 GMT-0400 (Bolivia Time)
165,33,Mon Jun 16 2025 00:00:00 GMT-0400 (Bolivia Time),DIARIO,CHK-EQ-033-165,Rosa Fernández Ramírez,Supervisor General,Equipo en condiciones operativas.,[object Object],Mon Jun 16 2025 08:00:00 GMT-0400 (Bolivia Time),Mon Jun 16 2025 08:30:00 GMT-0400 (Bolivia Time)
166,34,Sat Sep 20 2025 00:00:00 GMT-0400 (Bolivia Time),DIARIO,CHK-EQ-034-166,José González Rojas,Supervisor General,Equipo en condiciones operativas.,[object Object],Sat Sep 20 2025 08:00:00 GMT-0400 (Bolivia Time),Sat Sep 20 2025 08:30:00 GMT-0400 (Bolivia Time)
167,34,Fri Dec 20 2024 00:00:00 GMT-0400 (Bolivia Time),DIARIO,CHK-EQ-034-167,Hugo Ortiz González,Supervisor General,Equipo en condiciones operativas.,[object Object],Fri Dec 20 2024 08:00:00 GMT-0400 (Bolivia Time),Fri Dec 20 2024 08:30:00 GMT-0400 (Bolivia Time)
168,34,Thu Jun 26 2025 00:00:00 GMT-0400 (Bolivia Time),DIARIO,CHK-EQ-034-168,Carlos Rivera Cruz,Supervisor General,Equipo en condiciones operativas.,[object Object],Thu Jun 26 2025 08:00:00 GMT-0400 (Bolivia Time),Thu Jun 26 2025 08:30:00 GMT-0400 (Bolivia Time)
169,34,Wed Dec 03 2025 00:00:00 GMT-0400 (Bolivia Time),DIARIO,CHK-EQ-034-169,Fernando Flores Reyes,Supervisor General,Equipo en condiciones operativas.,[object Object],Wed Dec 03 2025 08:00:00 GMT-0400 (Bolivia Time),Wed Dec 03 2025 08:30:00 GMT-0400 (Bolivia Time)
170,34,Wed Feb 05 2025 00:00:00 GMT-0400 (Bolivia Time),DIARIO,CHK-EQ-034-170,Fernando Flores Reyes,Supervisor General,Equipo en condiciones operativas.,[object Object],Wed Feb 05 2025 08:00:00 GMT-0400 (Bolivia Time),Wed Feb 05 2025 08:30:00 GMT-0400 (Bolivia Time)
171,35,Tue Jan 21 2025 00:00:00 GMT-0400 (Bolivia Time),DIARIO,CHK-EQ-035-171,Ricardo Fernández Alvarez,Supervisor General,Equipo en condiciones operativas.,[object Object],Tue Jan 21 2025 08:00:00 GMT-0400 (Bolivia Time),Tue Jan 21 2025 08:30:00 GMT-0400 (Bolivia Time)
172,35,Mon May 05 2025 00:00:00 GMT-0400 (Bolivia Time),DIARIO,CHK-EQ-035-172,Diego Ramírez Rodríguez,Supervisor General,Equipo en condiciones operativas.,[object Object],Mon May 05 2025 08:00:00 GMT-0400 (Bolivia Time),Mon May 05 2025 08:30:00 GMT-0400 (Bolivia Time)
173,35,Sun May 25 2025 00:00:00 GMT-0400 (Bolivia Time),DIARIO,CHK-EQ-035-173,Administrador del Sistema,Supervisor General,Equipo en condiciones operativas.,[object Object],Sun May 25 2025 08:00:00 GMT-0400 (Bolivia Time),Sun May 25 2025 08:30:00 GMT-0400 (Bolivia Time)
174,35,Mon Dec 23 2024 00:00:00 GMT-0400 (Bolivia Time),DIARIO,CHK-EQ-035-174,Carlos Rivera Cruz,Supervisor General,Equipo en condiciones operativas.,[object Object],Mon Dec 23 2024 08:00:00 GMT-0400 (Bolivia Time),Mon Dec 23 2024 08:30:00 GMT-0400 (Bolivia Time)
175,35,Fri Dec 06 2024 00:00:00 GMT-0400 (Bolivia Time),DIARIO,CHK-EQ-035-175,Administrador del Sistema,Supervisor General,Equipo en condiciones operativas.,[object Object],Fri Dec 06 2024 08:00:00 GMT-0400 (Bolivia Time),Fri Dec 06 2024 08:30:00 GMT-0400 (Bolivia Time)
176,36,Sat Feb 01 2025 00:00:00 GMT-0400 (Bolivia Time),DIARIO,CHK-EQ-036-176,Javier González Silva,Supervisor General,Equipo en condiciones operativas.,[object Object],Sat Feb 01 2025 08:00:00 GMT-0400 (Bolivia Time),Sat Feb 01 2025 08:30:00 GMT-0400 (Bolivia Time)
177,36,Mon Sep 01 2025 00:00:00 GMT-0400 (Bolivia Time),DIARIO,CHK-EQ-036-177,Hugo Fernández Romero,Supervisor General,Equipo en condiciones operativas.,[object Object],Mon Sep 01 2025 08:00:00 GMT-0400 (Bolivia Time),Mon Sep 01 2025 08:30:00 GMT-0400 (Bolivia Time)
178,36,Wed Jul 02 2025 00:00:00 GMT-0400 (Bolivia Time),DIARIO,CHK-EQ-036-178,Javier González Silva,Supervisor General,Equipo en condiciones operativas.,[object Object],Wed Jul 02 2025 08:00:00 GMT-0400 (Bolivia Time),Wed Jul 02 2025 08:30:00 GMT-0400 (Bolivia Time)
179,36,Mon Jan 20 2025 00:00:00 GMT-0400 (Bolivia Time),DIARIO,CHK-EQ-036-179,José Gómez Castillo,Supervisor General,Equipo en condiciones operativas.,[object Object],Mon Jan 20 2025 08:00:00 GMT-0400 (Bolivia Time),Mon Jan 20 2025 08:30:00 GMT-0400 (Bolivia Time)
180,36,Sat Dec 28 2024 00:00:00 GMT-0400 (Bolivia Time),DIARIO,CHK-EQ-036-180,José Gómez Castillo,Supervisor General,Equipo en condiciones operativas.,[object Object],Sat Dec 28 2024 08:00:00 GMT-0400 (Bolivia Time),Sat Dec 28 2024 08:30:00 GMT-0400 (Bolivia Time)
181,37,Sun Nov 30 2025 00:00:00 GMT-0400 (Bolivia Time),DIARIO,CHK-EQ-037-181,Carlos Rivera Cruz,Supervisor General,Equipo en condiciones operativas.,[object Object],Sun Nov 30 2025 08:00:00 GMT-0400 (Bolivia Time),Sun Nov 30 2025 08:30:00 GMT-0400 (Bolivia Time)
182,37,Thu Jan 30 2025 00:00:00 GMT-0400 (Bolivia Time),DIARIO,CHK-EQ-037-182,José Gómez Castillo,Supervisor General,Equipo en condiciones operativas.,[object Object],Thu Jan 30 2025 08:00:00 GMT-0400 (Bolivia Time),Thu Jan 30 2025 08:30:00 GMT-0400 (Bolivia Time)
183,37,Wed May 07 2025 00:00:00 GMT-0400 (Bolivia Time),DIARIO,CHK-EQ-037-183,Carlos Rivera Cruz,Supervisor General,Equipo en condiciones operativas.,[object Object],Wed May 07 2025 08:00:00 GMT-0400 (Bolivia Time),Wed May 07 2025 08:30:00 GMT-0400 (Bolivia Time)
184,37,Thu Aug 28 2025 00:00:00 GMT-0400 (Bolivia Time),DIARIO,CHK-EQ-037-184,Rosa Fernández Ramírez,Supervisor General,Equipo en condiciones operativas.,[object Object],Thu Aug 28 2025 08:00:00 GMT-0400 (Bolivia Time),Thu Aug 28 2025 08:30:00 GMT-0400 (Bolivia Time)
185,37,Sat Jan 25 2025 00:00:00 GMT-0400 (Bolivia Time),DIARIO,CHK-EQ-037-185,Sandra Ortiz Ruiz,Supervisor General,Equipo en condiciones operativas.,[object Object],Sat Jan 25 2025 08:00:00 GMT-0400 (Bolivia Time),Sat Jan 25 2025 08:30:00 GMT-0400 (Bolivia Time)
186,38,Sat Jun 28 2025 00:00:00 GMT-0400 (Bolivia Time),DIARIO,CHK-EQ-038-186,Fernando Díaz Pérez,Supervisor General,Equipo en condiciones operativas.,[object Object],Sat Jun 28 2025 08:00:00 GMT-0400 (Bolivia Time),Sat Jun 28 2025 08:30:00 GMT-0400 (Bolivia Time)
187,38,Sun Dec 29 2024 00:00:00 GMT-0400 (Bolivia Time),DIARIO,CHK-EQ-038-187,Patricia Silva Reyes,Supervisor General,Equipo en condiciones operativas.,[object Object],Sun Dec 29 2024 08:00:00 GMT-0400 (Bolivia Time),Sun Dec 29 2024 08:30:00 GMT-0400 (Bolivia Time)
188,38,Sat Apr 19 2025 00:00:00 GMT-0400 (Bolivia Time),DIARIO,CHK-EQ-038-188,Carlos Rivera Cruz,Supervisor General,Equipo en condiciones operativas.,[object Object],Sat Apr 19 2025 08:00:00 GMT-0400 (Bolivia Time),Sat Apr 19 2025 08:30:00 GMT-0400 (Bolivia Time)
189,38,Thu Jan 02 2025 00:00:00 GMT-0400 (Bolivia Time),DIARIO,CHK-EQ-038-189,Hugo Ortiz González,Supervisor General,Equipo en condiciones operativas.,[object Object],Thu Jan 02 2025 08:00:00 GMT-0400 (Bolivia Time),Thu Jan 02 2025 08:30:00 GMT-0400 (Bolivia Time)
190,38,Sat Aug 09 2025 00:00:00 GMT-0400 (Bolivia Time),DIARIO,CHK-EQ-038-190,Rosa Fernández Ramírez,Supervisor General,Equipo en condiciones operativas.,[object Object],Sat Aug 09 2025 08:00:00 GMT-0400 (Bolivia Time),Sat Aug 09 2025 08:30:00 GMT-0400 (Bolivia Time)
191,39,Tue Apr 08 2025 00:00:00 GMT-0400 (Bolivia Time),DIARIO,CHK-EQ-039-191,Fernando Flores Reyes,Supervisor General,Equipo en condiciones operativas.,[object Object],Tue Apr 08 2025 08:00:00 GMT-0400 (Bolivia Time),Tue Apr 08 2025 08:30:00 GMT-0400 (Bolivia Time)
192,39,Thu Jun 12 2025 00:00:00 GMT-0400 (Bolivia Time),DIARIO,CHK-EQ-039-192,Ricardo Fernández Alvarez,Supervisor General,Equipo en condiciones operativas.,[object Object],Thu Jun 12 2025 08:00:00 GMT-0400 (Bolivia Time),Thu Jun 12 2025 08:30:00 GMT-0400 (Bolivia Time)
193,39,Wed Dec 11 2024 00:00:00 GMT-0400 (Bolivia Time),DIARIO,CHK-EQ-039-193,Sandra Ortiz Ruiz,Supervisor General,Equipo en condiciones operativas.,[object Object],Wed Dec 11 2024 08:00:00 GMT-0400 (Bolivia Time),Wed Dec 11 2024 08:30:00 GMT-0400 (Bolivia Time)
194,39,Sat Feb 01 2025 00:00:00 GMT-0400 (Bolivia Time),DIARIO,CHK-EQ-039-194,Fernando Flores Reyes,Supervisor General,Equipo en condiciones operativas.,[object Object],Sat Feb 01 2025 08:00:00 GMT-0400 (Bolivia Time),Sat Feb 01 2025 08:30:00 GMT-0400 (Bolivia Time)
195,39,Mon Sep 29 2025 00:00:00 GMT-0400 (Bolivia Time),DIARIO,CHK-EQ-039-195,José Gómez Castillo,Supervisor General,Equipo en condiciones operativas.,[object Object],Mon Sep 29 2025 08:00:00 GMT-0400 (Bolivia Time),Mon Sep 29 2025 08:30:00 GMT-0400 (Bolivia Time)
196,40,Fri Feb 28 2025 00:00:00 GMT-0400 (Bolivia Time),DIARIO,CHK-EQ-040-196,Patricia Silva Reyes,Supervisor General,Equipo en condiciones operativas.,[object Object],Fri Feb 28 2025 08:00:00 GMT-0400 (Bolivia Time),Fri Feb 28 2025 08:30:00 GMT-0400 (Bolivia Time)
197,40,Mon Jun 23 2025 00:00:00 GMT-0400 (Bolivia Time),DIARIO,CHK-EQ-040-197,Rosa Fernández Ramírez,Supervisor General,Equipo en condiciones operativas.,[object Object],Mon Jun 23 2025 08:00:00 GMT-0400 (Bolivia Time),Mon Jun 23 2025 08:30:00 GMT-0400 (Bolivia Time)
198,40,Tue Jul 08 2025 00:00:00 GMT-0400 (Bolivia Time),DIARIO,CHK-EQ-040-198,Hugo Ortiz González,Supervisor General,Equipo en condiciones operativas.,[object Object],Tue Jul 08 2025 08:00:00 GMT-0400 (Bolivia Time),Tue Jul 08 2025 08:30:00 GMT-0400 (Bolivia Time)
199,40,Sun Aug 31 2025 00:00:00 GMT-0400 (Bolivia Time),DIARIO,CHK-EQ-040-199,Ricardo Fernández Alvarez,Supervisor General,Equipo en condiciones operativas.,[object Object],Sun Aug 31 2025 08:00:00 GMT-0400 (Bolivia Time),Sun Aug 31 2025 08:30:00 GMT-0400 (Bolivia Time)
200,40,Fri Dec 06 2024 00:00:00 GMT-0400 (Bolivia Time),DIARIO,CHK-EQ-040-200,José González Rojas,Supervisor General,Equipo en condiciones operativas.,[object Object],Fri Dec 06 2024 08:00:00 GMT-0400 (Bolivia Time),Fri Dec 06 2024 08:30:00 GMT-0400 (Bolivia Time)
201,41,Mon Nov 10 2025 00:00:00 GMT-0400 (Bolivia Time),DIARIO,CHK-EQ-041-201,Diego Ramírez Rodríguez,Supervisor General,Equipo en condiciones operativas.,[object Object],Mon Nov 10 2025 08:00:00 GMT-0400 (Bolivia Time),Mon Nov 10 2025 08:30:00 GMT-0400 (Bolivia Time)
202,41,Tue Apr 22 2025 00:00:00 GMT-0400 (Bolivia Time),DIARIO,CHK-EQ-041-202,Diego Ramírez Rodríguez,Supervisor General,Equipo en condiciones operativas.,[object Object],Tue Apr 22 2025 08:00:00 GMT-0400 (Bolivia Time),Tue Apr 22 2025 08:30:00 GMT-0400 (Bolivia Time)
203,41,Wed Apr 02 2025 00:00:00 GMT-0400 (Bolivia Time),DIARIO,CHK-EQ-041-203,Administrador del Sistema,Supervisor General,Equipo en condiciones operativas.,[object Object],Wed Apr 02 2025 08:00:00 GMT-0400 (Bolivia Time),Wed Apr 02 2025 08:30:00 GMT-0400 (Bolivia Time)
204,41,Wed Oct 15 2025 00:00:00 GMT-0400 (Bolivia Time),DIARIO,CHK-EQ-041-204,Hugo Ortiz González,Supervisor General,Equipo en condiciones operativas.,[object Object],Wed Oct 15 2025 08:00:00 GMT-0400 (Bolivia Time),Wed Oct 15 2025 08:30:00 GMT-0400 (Bolivia Time)
205,41,Fri Oct 10 2025 00:00:00 GMT-0400 (Bolivia Time),DIARIO,CHK-EQ-041-205,Administrador del Sistema,Supervisor General,Equipo en condiciones operativas.,[object Object],Fri Oct 10 2025 08:00:00 GMT-0400 (Bolivia Time),Fri Oct 10 2025 08:30:00 GMT-0400 (Bolivia Time)
206,42,Tue Apr 15 2025 00:00:00 GMT-0400 (Bolivia Time),DIARIO,CHK-EQ-042-206,Fernando Díaz Pérez,Supervisor General,Equipo en condiciones operativas.,[object Object],Tue Apr 15 2025 08:00:00 GMT-0400 (Bolivia Time),Tue Apr 15 2025 08:30:00 GMT-0400 (Bolivia Time)
207,42,Sat Mar 29 2025 00:00:00 GMT-0400 (Bolivia Time),DIARIO,CHK-EQ-042-207,Ricardo Fernández Alvarez,Supervisor General,Equipo en condiciones operativas.,[object Object],Sat Mar 29 2025 08:00:00 GMT-0400 (Bolivia Time),Sat Mar 29 2025 08:30:00 GMT-0400 (Bolivia Time)
208,42,Fri Oct 10 2025 00:00:00 GMT-0400 (Bolivia Time),DIARIO,CHK-EQ-042-208,Sandra Ortiz Ruiz,Supervisor General,Equipo en condiciones operativas.,[object Object],Fri Oct 10 2025 08:00:00 GMT-0400 (Bolivia Time),Fri Oct 10 2025 08:30:00 GMT-0400 (Bolivia Time)
209,42,Fri Jan 31 2025 00:00:00 GMT-0400 (Bolivia Time),DIARIO,CHK-EQ-042-209,Hugo Ortiz González,Supervisor General,Equipo en condiciones operativas.,[object Object],Fri Jan 31 2025 08:00:00 GMT-0400 (Bolivia Time),Fri Jan 31 2025 08:30:00 GMT-0400 (Bolivia Time)
210,42,Thu Jul 31 2025 00:00:00 GMT-0400 (Bolivia Time),DIARIO,CHK-EQ-042-210,Sandra Ortiz Ruiz,Supervisor General,Equipo en condiciones operativas.,[object Object],Thu Jul 31 2025 08:00:00 GMT-0400 (Bolivia Time),Thu Jul 31 2025 08:30:00 GMT-0400 (Bolivia Time)
211,43,Tue Oct 07 2025 00:00:00 GMT-0400 (Bolivia Time),DIARIO,CHK-EQ-043-211,Rosa Fernández Ramírez,Supervisor General,Equipo en condiciones operativas.,[object Object],Tue Oct 07 2025 08:00:00 GMT-0400 (Bolivia Time),Tue Oct 07 2025 08:30:00 GMT-0400 (Bolivia Time)
212,43,Thu May 15 2025 00:00:00 GMT-0400 (Bolivia Time),DIARIO,CHK-EQ-043-212,José González Rojas,Supervisor General,Equipo en condiciones operativas.,[object Object],Thu May 15 2025 08:00:00 GMT-0400 (Bolivia Time),Thu May 15 2025 08:30:00 GMT-0400 (Bolivia Time)
213,43,Thu Oct 16 2025 00:00:00 GMT-0400 (Bolivia Time),DIARIO,CHK-EQ-043-213,Sandra Ortiz Ruiz,Supervisor General,Equipo en condiciones operativas.,[object Object],Thu Oct 16 2025 08:00:00 GMT-0400 (Bolivia Time),Thu Oct 16 2025 08:30:00 GMT-0400 (Bolivia Time)
214,43,Fri Oct 24 2025 00:00:00 GMT-0400 (Bolivia Time),DIARIO,CHK-EQ-043-214,Sandra Ortiz Ruiz,Supervisor General,Equipo en condiciones operativas.,[object Object],Fri Oct 24 2025 08:00:00 GMT-0400 (Bolivia Time),Fri Oct 24 2025 08:30:00 GMT-0400 (Bolivia Time)
215,43,Fri May 02 2025 00:00:00 GMT-0400 (Bolivia Time),DIARIO,CHK-EQ-043-215,Elena Romero Pérez,Supervisor General,Equipo en condiciones operativas.,[object Object],Fri May 02 2025 08:00:00 GMT-0400 (Bolivia Time),Fri May 02 2025 08:30:00 GMT-0400 (Bolivia Time)
216,44,Wed Jun 04 2025 00:00:00 GMT-0400 (Bolivia Time),DIARIO,CHK-EQ-044-216,Fernando Flores Reyes,Supervisor General,Equipo en condiciones operativas.,[object Object],Wed Jun 04 2025 08:00:00 GMT-0400 (Bolivia Time),Wed Jun 04 2025 08:30:00 GMT-0400 (Bolivia Time)
217,44,Thu Feb 20 2025 00:00:00 GMT-0400 (Bolivia Time),DIARIO,CHK-EQ-044-217,Sandra Ortiz Ruiz,Supervisor General,Equipo en condiciones operativas.,[object Object],Thu Feb 20 2025 08:00:00 GMT-0400 (Bolivia Time),Thu Feb 20 2025 08:30:00 GMT-0400 (Bolivia Time)
218,44,Wed Dec 18 2024 00:00:00 GMT-0400 (Bolivia Time),DIARIO,CHK-EQ-044-218,Elena Romero Pérez,Supervisor General,Equipo en condiciones operativas.,[object Object],Wed Dec 18 2024 08:00:00 GMT-0400 (Bolivia Time),Wed Dec 18 2024 08:30:00 GMT-0400 (Bolivia Time)
219,44,Wed Nov 19 2025 00:00:00 GMT-0400 (Bolivia Time),DIARIO,CHK-EQ-044-219,Fernando Flores Reyes,Supervisor General,Equipo en condiciones operativas.,[object Object],Wed Nov 19 2025 08:00:00 GMT-0400 (Bolivia Time),Wed Nov 19 2025 08:30:00 GMT-0400 (Bolivia Time)
220,44,Fri Dec 06 2024 00:00:00 GMT-0400 (Bolivia Time),DIARIO,CHK-EQ-044-220,Francisco López Ruiz,Supervisor General,Equipo en condiciones operativas.,[object Object],Fri Dec 06 2024 08:00:00 GMT-0400 (Bolivia Time),Fri Dec 06 2024 08:30:00 GMT-0400 (Bolivia Time)
221,45,Fri Dec 20 2024 00:00:00 GMT-0400 (Bolivia Time),DIARIO,CHK-EQ-045-221,Carlos Rivera Cruz,Supervisor General,Equipo en condiciones operativas.,[object Object],Fri Dec 20 2024 08:00:00 GMT-0400 (Bolivia Time),Fri Dec 20 2024 08:30:00 GMT-0400 (Bolivia Time)
222,45,Mon Dec 23 2024 00:00:00 GMT-0400 (Bolivia Time),DIARIO,CHK-EQ-045-222,Fernando Flores Reyes,Supervisor General,Equipo en condiciones operativas.,[object Object],Mon Dec 23 2024 08:00:00 GMT-0400 (Bolivia Time),Mon Dec 23 2024 08:30:00 GMT-0400 (Bolivia Time)
223,45,Fri Apr 18 2025 00:00:00 GMT-0400 (Bolivia Time),DIARIO,CHK-EQ-045-223,Rosa Fernández Ramírez,Supervisor General,Equipo en condiciones operativas.,[object Object],Fri Apr 18 2025 08:00:00 GMT-0400 (Bolivia Time),Fri Apr 18 2025 08:30:00 GMT-0400 (Bolivia Time)
224,45,Sat Nov 22 2025 00:00:00 GMT-0400 (Bolivia Time),DIARIO,CHK-EQ-045-224,Hugo Ortiz González,Supervisor General,Equipo en condiciones operativas.,[object Object],Sat Nov 22 2025 08:00:00 GMT-0400 (Bolivia Time),Sat Nov 22 2025 08:30:00 GMT-0400 (Bolivia Time)
225,45,Wed Dec 04 2024 00:00:00 GMT-0400 (Bolivia Time),DIARIO,CHK-EQ-045-225,Fernando Díaz Pérez,Supervisor General,Equipo en condiciones operativas.,[object Object],Wed Dec 04 2024 08:00:00 GMT-0400 (Bolivia Time),Wed Dec 04 2024 08:30:00 GMT-0400 (Bolivia Time)
226,46,Sun Feb 02 2025 00:00:00 GMT-0400 (Bolivia Time),DIARIO,CHK-EQ-046-226,Diego Ramírez Rodríguez,Supervisor General,Equipo en condiciones operativas.,[object Object],Sun Feb 02 2025 08:00:00 GMT-0400 (Bolivia Time),Sun Feb 02 2025 08:30:00 GMT-0400 (Bolivia Time)
227,46,Thu Mar 06 2025 00:00:00 GMT-0400 (Bolivia Time),DIARIO,CHK-EQ-046-227,Francisco López Ruiz,Supervisor General,Equipo en condiciones operativas.,[object Object],Thu Mar 06 2025 08:00:00 GMT-0400 (Bolivia Time),Thu Mar 06 2025 08:30:00 GMT-0400 (Bolivia Time)
228,46,Mon Sep 22 2025 00:00:00 GMT-0400 (Bolivia Time),DIARIO,CHK-EQ-046-228,Administrador del Sistema,Supervisor General,Equipo en condiciones operativas.,[object Object],Mon Sep 22 2025 08:00:00 GMT-0400 (Bolivia Time),Mon Sep 22 2025 08:30:00 GMT-0400 (Bolivia Time)
229,46,Fri Jan 10 2025 00:00:00 GMT-0400 (Bolivia Time),DIARIO,CHK-EQ-046-229,Patricia Silva Reyes,Supervisor General,Equipo en condiciones operativas.,[object Object],Fri Jan 10 2025 08:00:00 GMT-0400 (Bolivia Time),Fri Jan 10 2025 08:30:00 GMT-0400 (Bolivia Time)
230,46,Mon Dec 01 2025 00:00:00 GMT-0400 (Bolivia Time),DIARIO,CHK-EQ-046-230,Elena Romero Pérez,Supervisor General,Equipo en condiciones operativas.,[object Object],Mon Dec 01 2025 08:00:00 GMT-0400 (Bolivia Time),Mon Dec 01 2025 08:30:00 GMT-0400 (Bolivia Time)
231,47,Sun Aug 10 2025 00:00:00 GMT-0400 (Bolivia Time),DIARIO,CHK-EQ-047-231,Francisco López Ruiz,Supervisor General,Equipo en condiciones operativas.,[object Object],Sun Aug 10 2025 08:00:00 GMT-0400 (Bolivia Time),Sun Aug 10 2025 08:30:00 GMT-0400 (Bolivia Time)
232,47,Fri May 09 2025 00:00:00 GMT-0400 (Bolivia Time),DIARIO,CHK-EQ-047-232,Patricia Silva Reyes,Supervisor General,Equipo en condiciones operativas.,[object Object],Fri May 09 2025 08:00:00 GMT-0400 (Bolivia Time),Fri May 09 2025 08:30:00 GMT-0400 (Bolivia Time)
233,47,Thu May 22 2025 00:00:00 GMT-0400 (Bolivia Time),DIARIO,CHK-EQ-047-233,Javier González Silva,Supervisor General,Equipo en condiciones operativas.,[object Object],Thu May 22 2025 08:00:00 GMT-0400 (Bolivia Time),Thu May 22 2025 08:30:00 GMT-0400 (Bolivia Time)
234,47,Sun Dec 15 2024 00:00:00 GMT-0400 (Bolivia Time),DIARIO,CHK-EQ-047-234,Francisco López Ruiz,Supervisor General,Equipo en condiciones operativas.,[object Object],Sun Dec 15 2024 08:00:00 GMT-0400 (Bolivia Time),Sun Dec 15 2024 08:30:00 GMT-0400 (Bolivia Time)
235,47,Thu Mar 20 2025 00:00:00 GMT-0400 (Bolivia Time),DIARIO,CHK-EQ-047-235,Carlos Rivera Cruz,Supervisor General,Equipo en condiciones operativas.,[object Object],Thu Mar 20 2025 08:00:00 GMT-0400 (Bolivia Time),Thu Mar 20 2025 08:30:00 GMT-0400 (Bolivia Time)
236,48,Sat Mar 22 2025 00:00:00 GMT-0400 (Bolivia Time),DIARIO,CHK-EQ-048-236,Hugo Fernández Romero,Supervisor General,Equipo en condiciones operativas.,[object Object],Sat Mar 22 2025 08:00:00 GMT-0400 (Bolivia Time),Sat Mar 22 2025 08:30:00 GMT-0400 (Bolivia Time)
237,48,Wed Dec 11 2024 00:00:00 GMT-0400 (Bolivia Time),DIARIO,CHK-EQ-048-237,Ricardo Fernández Alvarez,Supervisor General,Equipo en condiciones operativas.,[object Object],Wed Dec 11 2024 08:00:00 GMT-0400 (Bolivia Time),Wed Dec 11 2024 08:30:00 GMT-0400 (Bolivia Time)
238,48,Sun Dec 29 2024 00:00:00 GMT-0400 (Bolivia Time),DIARIO,CHK-EQ-048-238,Diego Ramírez Rodríguez,Supervisor General,Equipo en condiciones operativas.,[object Object],Sun Dec 29 2024 08:00:00 GMT-0400 (Bolivia Time),Sun Dec 29 2024 08:30:00 GMT-0400 (Bolivia Time)
239,48,Sun Jun 08 2025 00:00:00 GMT-0400 (Bolivia Time),DIARIO,CHK-EQ-048-239,José González Rojas,Supervisor General,Equipo en condiciones operativas.,[object Object],Sun Jun 08 2025 08:00:00 GMT-0400 (Bolivia Time),Sun Jun 08 2025 08:30:00 GMT-0400 (Bolivia Time)
240,48,Sun Aug 24 2025 00:00:00 GMT-0400 (Bolivia Time),DIARIO,CHK-EQ-048-240,José González Rojas,Supervisor General,Equipo en condiciones operativas.,[object Object],Sun Aug 24 2025 08:00:00 GMT-0400 (Bolivia Time),Sun Aug 24 2025 08:30:00 GMT-0400 (Bolivia Time)
241,49,Sat Nov 15 2025 00:00:00 GMT-0400 (Bolivia Time),DIARIO,CHK-EQ-049-241,José Gómez Castillo,Supervisor General,Equipo en condiciones operativas.,[object Object],Sat Nov 15 2025 08:00:00 GMT-0400 (Bolivia Time),Sat Nov 15 2025 08:30:00 GMT-0400 (Bolivia Time)
242,49,Tue Feb 04 2025 00:00:00 GMT-0400 (Bolivia Time),DIARIO,CHK-EQ-049-242,Sandra Ortiz Ruiz,Supervisor General,Equipo en condiciones operativas.,[object Object],Tue Feb 04 2025 08:00:00 GMT-0400 (Bolivia Time),Tue Feb 04 2025 08:30:00 GMT-0400 (Bolivia Time)
243,49,Wed Nov 05 2025 00:00:00 GMT-0400 (Bolivia Time),DIARIO,CHK-EQ-049-243,Patricia Silva Reyes,Supervisor General,Equipo en condiciones operativas.,[object Object],Wed Nov 05 2025 08:00:00 GMT-0400 (Bolivia Time),Wed Nov 05 2025 08:30:00 GMT-0400 (Bolivia Time)
244,49,Mon Jul 14 2025 00:00:00 GMT-0400 (Bolivia Time),DIARIO,CHK-EQ-049-244,Elena Romero Pérez,Supervisor General,Equipo en condiciones operativas.,[object Object],Mon Jul 14 2025 08:00:00 GMT-0400 (Bolivia Time),Mon Jul 14 2025 08:30:00 GMT-0400 (Bolivia Time)
245,49,Mon Sep 22 2025 00:00:00 GMT-0400 (Bolivia Time),DIARIO,CHK-EQ-049-245,Ricardo Fernández Alvarez,Supervisor General,Equipo en condiciones operativas.,[object Object],Mon Sep 22 2025 08:00:00 GMT-0400 (Bolivia Time),Mon Sep 22 2025 08:30:00 GMT-0400 (Bolivia Time)
246,50,Sat Feb 08 2025 00:00:00 GMT-0400 (Bolivia Time),DIARIO,CHK-EQ-050-246,Fernando Flores Reyes,Supervisor General,Equipo en condiciones operativas.,[object Object],Sat Feb 08 2025 08:00:00 GMT-0400 (Bolivia Time),Sat Feb 08 2025 08:30:00 GMT-0400 (Bolivia Time)
247,50,Sat Sep 27 2025 00:00:00 GMT-0400 (Bolivia Time),DIARIO,CHK-EQ-050-247,Ricardo Fernández Alvarez,Supervisor General,Equipo en condiciones operativas.,[object Object],Sat Sep 27 2025 08:00:00 GMT-0400 (Bolivia Time),Sat Sep 27 2025 08:30:00 GMT-0400 (Bolivia Time)
248,50,Sun Jan 05 2025 00:00:00 GMT-0400 (Bolivia Time),DIARIO,CHK-EQ-050-248,Rosa Fernández Ramírez,Supervisor General,Equipo en condiciones operativas.,[object Object],Sun Jan 05 2025 08:00:00 GMT-0400 (Bolivia Time),Sun Jan 05 2025 08:30:00 GMT-0400 (Bolivia Time)
249,50,Sat May 17 2025 00:00:00 GMT-0400 (Bolivia Time),DIARIO,CHK-EQ-050-249,Francisco López Ruiz,Supervisor General,Equipo en condiciones operativas.,[object Object],Sat May 17 2025 08:00:00 GMT-0400 (Bolivia Time),Sat May 17 2025 08:30:00 GMT-0400 (Bolivia Time)
250,50,Tue Mar 11 2025 00:00:00 GMT-0400 (Bolivia Time),DIARIO,CHK-EQ-050-250,Sandra Ortiz Ruiz,Supervisor General,Equipo en condiciones operativas.,[object Object],Tue Mar 11 2025 08:00:00 GMT-0400 (Bolivia Time),Tue Mar 11 2025 08:30:00 GMT-0400 (Bolivia Time)
